year,quarter,month,hour,transit_mode,borough,payment_method,records,station_complexes,ridership,transfers,transfer_share
2020,1,2,0,staten_island_railway,Staten Island,metrocard,1,1,3.0,0.0,0.0
2020,1,2,2,staten_island_railway,Staten Island,metrocard,1,1,1.0,0.0,0.0
2020,1,2,3,staten_island_railway,Staten Island,metrocard,1,1,1.0,0.0,0.0
2020,1,2,5,staten_island_railway,Staten Island,metrocard,1,1,2.0,0.0,0.0
2020,1,2,6,staten_island_railway,Staten Island,metrocard,1,1,4.0,0.0,0.0
2020,1,2,7,staten_island_railway,Staten Island,metrocard,1,1,2.0,0.0,0.0
2020,1,2,8,staten_island_railway,Staten Island,metrocard,2,1,3.0,0.0,0.0
2020,1,2,8,subway,Brooklyn,metrocard,164,26,5232.0,169.0,0.032301
2020,1,2,8,subway,Brooklyn,omny,1,1,4.0,0.0,0.0
2020,1,2,8,subway,Manhattan,metrocard,195,32,7800.0,163.0,0.020897
2020,1,2,8,subway,Manhattan,omny,22,22,242.0,1.0,0.004132
2020,1,2,8,subway,Queens,metrocard,58,9,2052.0,80.0,0.038986
2020,1,2,8,tram,Manhattan,metrocard,10,2,120.0,11.0,0.091667
2020,1,2,9,staten_island_railway,Staten Island,metrocard,2,2,3.0,0.0,0.0
2020,1,2,9,tram,Manhattan,metrocard,10,2,207.0,24.0,0.115942
2020,1,2,10,staten_island_railway,Staten Island,metrocard,2,1,3.0,0.0,0.0
2020,1,2,10,tram,Manhattan,metrocard,10,2,300.0,36.0,0.12
2020,1,2,11,staten_island_railway,Staten Island,metrocard,2,2,4.0,0.0,0.0
2020,1,2,13,staten_island_railway,Staten Island,metrocard,1,1,3.0,0.0,0.0
2020,1,2,14,staten_island_railway,Staten Island,metrocard,3,2,4.0,0.0,0.0
2020,1,2,15,staten_island_railway,Staten Island,metrocard,3,1,7.0,0.0,0.0
2020,1,2,16,staten_island_railway,Staten Island,metrocard,4,2,6.0,0.0,0.0
2020,1,2,17,staten_island_railway,Staten Island,metrocard,1,1,5.0,0.0,0.0
2020,1,2,19,staten_island_railway,Staten Island,metrocard,2,2,2.0,1.0,0.5
2020,1,2,21,staten_island_railway,Staten Island,metrocard,1,1,1.0,0.0,0.0
2020,1,2,23,staten_island_railway,Staten Island,metrocard,1,1,1.0,0.0,0.0
2020,2,5,12,staten_island_railway,Staten Island,metrocard,11,2,47.0,1.0,0.021277
2020,2,5,12,staten_island_railway,Staten Island,omny,1,1,1.0,0.0,0.0
2020,2,5,12,subway,Brooklyn,metrocard,189,30,1333.0,20.0,0.015004
2020,2,5,12,subway,Brooklyn,omny,8,8,26.0,0.0,0.0
2020,2,5,12,subway,Manhattan,metrocard,192,32,1656.0,6.0,0.003623
2020,2,5,12,subway,Manhattan,omny,20,20,81.0,0.0,0.0
2020,2,5,12,subway,Queens,metrocard,31,6,206.0,0.0,0.0
2020,2,5,12,tram,Manhattan,metrocard,9,2,82.0,3.0,0.036585
2020,2,5,13,staten_island_railway,Staten Island,metrocard,6,2,51.0,9.0,0.176471
2020,2,5,13,staten_island_railway,Staten Island,omny,1,1,1.0,0.0,0.0
2020,2,5,13,tram,Manhattan,metrocard,11,2,71.0,5.0,0.070423
2020,2,5,14,staten_island_railway,Staten Island,metrocard,10,2,49.0,1.0,0.020408
2020,2,5,14,staten_island_railway,Staten Island,omny,1,1,2.0,0.0,0.0
2020,2,5,14,tram,Manhattan,metrocard,10,2,101.0,4.0,0.039604
2020,3,8,17,staten_island_railway,Staten Island,metrocard,7,2,63.0,16.0,0.253968
2020,3,8,17,staten_island_railway,Staten Island,omny,1,1,3.0,0.0,0.0
2020,3,8,17,subway,Brooklyn,metrocard,179,33,2882.0,7.0,0.002429
2020,3,8,17,subway,Brooklyn,omny,11,11,166.0,0.0,0.0
2020,3,8,17,subway,Manhattan,metrocard,187,32,5309.0,15.0,0.002825
2020,3,8,17,subway,Manhattan,omny,28,28,750.0,0.0,0.0
2020,3,8,17,subway,Queens,metrocard,34,6,413.0,0.0,0.0
2020,3,8,17,subway,Queens,omny,1,1,19.0,0.0,0.0
2020,3,8,17,tram,Manhattan,metrocard,11,2,351.0,24.0,0.068376
2020,3,8,18,staten_island_railway,Staten Island,metrocard,7,2,57.0,20.0,0.350877
2020,3,8,18,staten_island_railway,Staten Island,omny,2,2,9.0,2.0,0.222222
2020,3,8,18,tram,Manhattan,metrocard,12,2,285.0,26.0,0.091228
2020,3,8,19,staten_island_railway,Staten Island,metrocard,9,2,47.0,17.0,0.361702
2020,3,8,19,staten_island_railway,Staten Island,omny,1,1,3.0,3.0,1.0
2020,3,8,19,tram,Manhattan,metrocard,7,2,135.0,11.0,0.081481
2020,3,8,20,staten_island_railway,Staten Island,metrocard,3,1,24.0,7.0,0.291667
2020,4,11,0,staten_island_railway,Staten Island,metrocard,4,1,8.0,4.0,0.5
2020,4,11,0,tram,Manhattan,metrocard,5,2,7.0,0.0,0.0
2020,4,11,1,staten_island_railway,Staten Island,metrocard,6,2,12.0,1.0,0.083333
2020,4,11,1,staten_island_railway,Staten Island,omny,1,1,1.0,0.0,0.0
2020,4,11,2,staten_island_railway,Staten Island,metrocard,4,1,6.0,1.0,0.166667
2020,4,11,5,tram,Manhattan,metrocard,4,2,7.0,1.0,0.142857
2020,4,11,6,tram,Manhattan,metrocard,10,2,61.0,4.0,0.065574
2020,4,11,7,tram,Manhattan,metrocard,1,1,1.0,1.0,1.0
2020,4,11,22,staten_island_railway,Staten Island,metrocard,7,2,32.0,4.0,0.125
2020,4,11,22,staten_island_railway,Staten Island,omny,1,1,2.0,1.0,0.5
2020,4,11,22,subway,Brooklyn,metrocard,152,34,1097.0,31.0,0.028259
2020,4,11,22,subway,Brooklyn,omny,27,27,129.0,0.0,0.0
2020,4,11,22,subway,Manhattan,metrocard,163,33,2243.0,20.0,0.008917
2020,4,11,22,subway,Manhattan,omny,31,31,382.0,4.0,0.010471
2020,4,11,22,subway,Queens,metrocard,63,21,307.0,8.0,0.026059
2020,4,11,22,subway,Queens,omny,4,4,22.0,0.0,0.0
2020,4,11,22,tram,Manhattan,metrocard,5,2,17.0,1.0,0.058824
2020,4,11,23,staten_island_railway,Staten Island,metrocard,6,2,25.0,7.0,0.28
2020,4,11,23,staten_island_railway,Staten Island,omny,1,1,5.0,1.0,0.2
2020,4,11,23,tram,Manhattan,metrocard,5,2,13.0,0.0,0.0
2021,1,2,8,staten_island_railway,Staten Island,metrocard,10,2,146.0,18.0,0.123288
2021,1,2,8,staten_island_railway,Staten Island,omny,2,2,8.0,3.0,0.375
2021,1,2,8,subway,Brooklyn,metrocard,147,24,2648.0,100.0,0.037764
2021,1,2,8,subway,Brooklyn,omny,23,23,434.0,17.0,0.039171
2021,1,2,8,subway,Manhattan,metrocard,191,32,4360.0,128.0,0.029358
2021,1,2,8,subway,Manhattan,omny,32,32,689.0,19.0,0.027576
2021,1,2,8,subway,Queens,metrocard,41,6,1131.0,63.0,0.055703
2021,1,2,8,subway,Queens,omny,6,6,119.0,2.0,0.016807
2021,1,2,8,tram,Manhattan,metrocard,8,2,100.0,6.0,0.06
2021,1,2,9,staten_island_railway,Staten Island,metrocard,11,2,93.0,9.0,0.096774
2021,1,2,9,staten_island_railway,Staten Island,omny,2,2,11.0,1.0,0.090909
2021,1,2,9,tram,Manhattan,metrocard,9,2,121.0,8.0,0.066116
2021,1,2,10,staten_island_railway,Staten Island,metrocard,5,1,62.0,9.0,0.145161
2021,1,2,10,tram,Manhattan,metrocard,8,2,82.0,7.0,0.085366
2021,1,2,11,tram,Manhattan,metrocard,5,1,58.0,8.0,0.137931
2021,2,5,4,staten_island_railway,Staten Island,metrocard,1,1,2.0,0.0,0.0
2021,2,5,7,staten_island_railway,Staten Island,metrocard,1,1,1.0,0.0,0.0
2021,2,5,9,staten_island_railway,Staten Island,metrocard,1,1,1.0,0.0,0.0
2021,2,5,10,staten_island_railway,Staten Island,metrocard,1,1,1.0,0.0,0.0
2021,2,5,11,staten_island_railway,Staten Island,metrocard,1,1,2.0,0.0,0.0
2021,2,5,12,staten_island_railway,Staten Island,metrocard,3,2,3.0,0.0,0.0
2021,2,5,12,subway,Brooklyn,metrocard,163,28,4054.0,142.0,0.035027
2021,2,5,12,subway,Brooklyn,omny,27,27,1876.0,37.0,0.019723
2021,2,5,12,subway,Manhattan,metrocard,180,30,7093.0,159.0,0.022416
2021,2,5,12,subway,Manhattan,omny,30,30,3123.0,58.0,0.018572
2021,2,5,12,subway,Queens,metrocard,34,6,730.0,29.0,0.039726
2021,2,5,12,subway,Queens,omny,6,6,236.0,8.0,0.033898
2021,2,5,12,tram,Manhattan,metrocard,12,2,411.0,58.0,0.141119
2021,2,5,13,staten_island_railway,Staten Island,metrocard,8,2,8.0,0.0,0.0
2021,2,5,13,tram,Manhattan,metrocard,12,2,469.0,47.0,0.100213
2021,2,5,14,staten_island_railway,Staten Island,metrocard,4,2,4.0,0.0,0.0
2021,2,5,14,tram,Manhattan,metrocard,6,1,325.0,39.0,0.12
2021,2,5,15,staten_island_railway,Staten Island,metrocard,1,1,2.0,0.0,0.0
2021,2,5,15,staten_island_railway,Staten Island,omny,1,1,2.0,0.0,0.0
2021,2,5,16,staten_island_railway,Staten Island,metrocard,2,1,2.0,0.0,0.0
2021,2,5,18,staten_island_railway,Staten Island,metrocard,1,1,1.0,0.0,0.0
2021,2,5,19,staten_island_railway,Staten Island,metrocard,1,1,1.0,0.0,0.0
2021,2,5,21,staten_island_railway,Staten Island,metrocard,2,1,5.0,0.0,0.0
2021,2,5,22,staten_island_railway,Staten Island,metrocard,1,1,2.0,0.0,0.0
2021,2,5,23,staten_island_railway,Staten Island,omny,1,1,1.0,0.0,0.0
2021,3,8,17,staten_island_railway,Staten Island,metrocard,1,1,2.0,0.0,0.0
2021,3,8,17,subway,Brooklyn,metrocard,174,32,3493.0,95.0,0.027197
2021,3,8,17,subway,Brooklyn,omny,30,30,2023.0,27.0,0.013347
2021,3,8,17,subway,Manhattan,metrocard,190,32,8435.0,106.0,0.012567
2021,3,8,17,subway,Manhattan,omny,32,32,4281.0,84.0,0.019622
2021,3,8,17,subway,Queens,metrocard,12,2,297.0,10.0,0.03367
2021,3,8,17,subway,Queens,omny,2,2,111.0,1.0,0.009009
2021,3,8,17,tram,Manhattan,metrocard,12,2,541.0,37.0,0.068392
2021,3,8,18,staten_island_railway,Staten Island,metrocard,1,1,1.0,0.0,0.0
2021,3,8,18,tram,Manhattan,metrocard,12,2,505.0,40.0,0.079208
2021,3,8,19,staten_island_railway,Staten Island,metrocard,6,2,29.0,6.0,0.206897
2021,3,8,19,staten_island_railway,Staten Island,omny,1,1,3.0,1.0,0.333333
2021,3,8,19,tram,Manhattan,metrocard,6,1,218.0,16.0,0.073394
2021,3,8,20,staten_island_railway,Staten Island,metrocard,8,2,68.0,14.0,0.205882
2021,3,8,20,staten_island_railway,Staten Island,omny,1,1,16.0,6.0,0.375
2021,3,8,21,staten_island_railway,Staten Island,metrocard,7,2,41.0,9.0,0.219512
2021,3,8,21,staten_island_railway,Staten Island,omny,1,1,3.0,1.0,0.333333
2021,3,8,22,staten_island_railway,Staten Island,metrocard,4,1,18.0,8.0,0.444444
2021,4,11,0,staten_island_railway,Staten Island,metrocard,6,1,47.0,19.0,0.404255
2021,4,11,0,staten_island_railway,Staten Island,omny,1,1,12.0,6.0,0.5
2021,4,11,0,tram,Manhattan,metrocard,5,2,12.0,0.0,0.0
2021,4,11,1,staten_island_railway,Staten Island,metrocard,1,1,1.0,1.0,1.0
2021,4,11,1,tram,Manhattan,metrocard,4,2,4.0,0.0,0.0
2021,4,11,5,tram,Manhattan,metrocard,5,2,11.0,1.0,0.090909
2021,4,11,22,staten_island_railway,Staten Island,metrocard,10,2,51.0,11.0,0.215686
2021,4,11,22,staten_island_railway,Staten Island,omny,2,2,7.0,3.0,0.428571
2021,4,11,22,subway,Brooklyn,metrocard,166,32,1442.0,26.0,0.018031
2021,4,11,22,subway,Brooklyn,omny,29,29,754.0,20.0,0.026525
2021,4,11,22,subway,Manhattan,metrocard,180,32,4869.0,39.0,0.00801
2021,4,11,22,subway,Manhattan,omny,32,32,2760.0,27.0,0.009783
2021,4,11,22,subway,Queens,metrocard,28,6,179.0,4.0,0.022346
2021,4,11,22,subway,Queens,omny,5,5,82.0,1.0,0.012195
2021,4,11,22,tram,Manhattan,metrocard,9,2,59.0,3.0,0.050847
2021,4,11,23,staten_island_railway,Staten Island,metrocard,8,2,43.0,14.0,0.325581
2021,4,11,23,staten_island_railway,Staten Island,omny,2,2,14.0,9.0,0.642857
2021,4,11,23,tram,Manhattan,metrocard,7,2,25.0,1.0,0.04
2022,1,2,8,staten_island_railway,Staten Island,metrocard,14,2,492.0,28.0,0.056911
2022,1,2,8,staten_island_railway,Staten Island,omny,2,2,104.0,9.0,0.086538
2022,1,2,8,subway,Brooklyn,metrocard,140,20,6645.0,316.0,0.047555
2022,1,2,8,subway,Brooklyn,omny,20,20,3703.0,76.0,0.020524
2022,1,2,8,subway,Manhattan,metrocard,202,29,15375.0,372.0,0.024195
2022,1,2,8,subway,Manhattan,omny,30,28,6913.0,124.0,0.017937
2022,1,2,8,subway,Queens,metrocard,42,6,2945.0,190.0,0.064516
2022,1,2,8,subway,Queens,omny,6,6,958.0,51.0,0.053236
2022,1,2,8,tram,Manhattan,metrocard,12,2,361.0,11.0,0.030471
2022,1,2,9,staten_island_railway,Staten Island,metrocard,9,2,145.0,17.0,0.117241
2022,1,2,9,staten_island_railway,Staten Island,omny,2,2,35.0,4.0,0.114286
2022,1,2,9,tram,Manhattan,metrocard,13,2,212.0,13.0,0.061321
2022,1,2,10,staten_island_railway,Staten Island,metrocard,3,1,86.0,10.0,0.116279
2022,1,2,10,tram,Manhattan,metrocard,5,1,37.0,9.0,0.243243
2022,2,5,0,staten_island_railway,Staten Island,metrocard,2,1,2.0,0.0,0.0
2022,2,5,1,staten_island_railway,Staten Island,metrocard,1,1,1.0,0.0,0.0
2022,2,5,1,staten_island_railway,Staten Island,omny,1,1,2.0,1.0,0.5
2022,2,5,2,staten_island_railway,Staten Island,metrocard,5,1,17.0,2.0,0.117647
2022,2,5,2,staten_island_railway,Staten Island,omny,1,1,6.0,0.0,0.0
2022,2,5,3,staten_island_railway,Staten Island,metrocard,6,2,17.0,0.0,0.0
2022,2,5,4,staten_island_railway,Staten Island,metrocard,2,1,24.0,3.0,0.125
2022,2,5,12,staten_island_railway,Staten Island,metrocard,1,1,1.0,0.0,0.0
2022,2,5,12,subway,Brooklyn,metrocard,147,26,2633.0,55.0,0.020889
2022,2,5,12,subway,Brooklyn,omny,28,25,3089.0,57.0,0.018453
2022,2,5,12,subway,Manhattan,metrocard,191,32,5972.0,79.0,0.013228
2022,2,5,12,subway,Manhattan,omny,32,32,5072.0,116.0,0.022871
2022,2,5,12,subway,Queens,metrocard,36,6,579.0,7.0,0.01209
2022,2,5,12,subway,Queens,omny,6,6,375.0,14.0,0.037333
2022,2,5,12,tram,Manhattan,metrocard,12,2,585.0,44.0,0.075214
2022,2,5,13,tram,Manhattan,metrocard,12,2,610.0,53.0,0.086885
2022,2,5,14,tram,Manhattan,metrocard,6,1,438.0,63.0,0.143836
2022,2,5,15,staten_island_railway,Staten Island,metrocard,1,1,1.0,0.0,0.0
2022,2,5,16,staten_island_railway,Staten Island,metrocard,1,1,1.0,0.0,0.0
2022,2,5,17,staten_island_railway,Staten Island,metrocard,1,1,1.0,0.0,0.0
2022,2,5,18,staten_island_railway,Staten Island,metrocard,2,2,4.0,0.0,0.0
2022,2,5,19,staten_island_railway,Staten Island,metrocard,1,1,1.0,0.0,0.0
2022,2,5,20,staten_island_railway,Staten Island,metrocard,1,1,1.0,0.0,0.0
2022,2,5,21,staten_island_railway,Staten Island,metrocard,1,1,1.0,0.0,0.0
2022,2,5,22,staten_island_railway,Staten Island,metrocard,2,2,3.0,0.0,0.0
2022,2,5,23,staten_island_railway,Staten Island,metrocard,1,1,1.0,0.0,0.0
2022,3,8,17,staten_island_railway,Staten Island,metrocard,13,2,582.0,246.0,0.42268
2022,3,8,17,staten_island_railway,Staten Island,omny,2,2,180.0,84.0,0.466667
2022,3,8,17,subway,Brooklyn,metrocard,134,20,3028.0,119.0,0.0393
2022,3,8,17,subway,Brooklyn,omny,23,20,2456.0,54.0,0.021987
2022,3,8,17,subway,Manhattan,metrocard,204,30,14118.0,372.0,0.026349
2022,3,8,17,subway,Manhattan,omny,31,29,9475.0,240.0,0.02533
2022,3,8,17,subway,Queens,metrocard,42,6,766.0,48.0,0.062663
2022,3,8,17,subway,Queens,omny,6,6,410.0,26.0,0.063415
2022,3,8,17,tram,Manhattan,metrocard,14,2,594.0,52.0,0.087542
2022,3,8,18,staten_island_railway,Staten Island,metrocard,11,2,368.0,180.0,0.48913
2022,3,8,18,staten_island_railway,Staten Island,omny,2,2,98.0,59.0,0.602041
2022,3,8,18,tram,Manhattan,metrocard,12,2,593.0,34.0,0.057336
2022,3,8,19,staten_island_railway,Staten Island,metrocard,2,1,102.0,64.0,0.627451
2022,3,8,19,tram,Manhattan,metrocard,4,1,185.0,41.0,0.221622
2022,4,11,0,staten_island_railway,Staten Island,metrocard,5,1,17.0,6.0,0.352941
2022,4,11,0,staten_island_railway,Staten Island,omny,1,1,10.0,4.0,0.4
2022,4,11,0,tram,Manhattan,metrocard,6,2,10.0,2.0,0.2
2022,4,11,1,staten_island_railway,Staten Island,metrocard,5,1,19.0,9.0,0.473684
2022,4,11,1,staten_island_railway,Staten Island,omny,1,1,1.0,1.0,1.0
2022,4,11,1,tram,Manhattan,metrocard,2,1,2.0,0.0,0.0
2022,4,11,5,tram,Manhattan,metrocard,5,2,6.0,0.0,0.0
2022,4,11,22,staten_island_railway,Staten Island,metrocard,8,2,64.0,18.0,0.28125
2022,4,11,22,staten_island_railway,Staten Island,omny,1,1,24.0,13.0,0.541667
2022,4,11,22,subway,Brooklyn,metrocard,160,29,1239.0,20.0,0.016142
2022,4,11,22,subway,Brooklyn,omny,31,29,1497.0,17.0,0.011356
2022,4,11,22,subway,Manhattan,metrocard,179,32,4692.0,28.0,0.005968
2022,4,11,22,subway,Manhattan,omny,38,32,5340.0,47.0,0.008801
2022,4,11,22,subway,Queens,metrocard,26,6,169.0,5.0,0.029586
2022,4,11,22,subway,Queens,omny,6,6,122.0,2.0,0.016393
2022,4,11,22,tram,Manhattan,metrocard,10,2,55.0,1.0,0.018182
2022,4,11,23,staten_island_railway,Staten Island,metrocard,8,2,52.0,25.0,0.480769
2022,4,11,23,staten_island_railway,Staten Island,omny,1,1,12.0,7.0,0.583333
2022,4,11,23,tram,Manhattan,metrocard,7,2,21.0,2.0,0.095238
2023,1,2,8,staten_island_railway,Staten Island,metrocard,13,2,628.0,32.0,0.050955
2023,1,2,8,staten_island_railway,Staten Island,omny,3,2,211.0,15.0,0.07109
2023,1,2,8,subway,Brooklyn,metrocard,140,20,5956.0,300.0,0.050369
2023,1,2,8,subway,Brooklyn,omny,22,20,7377.0,198.0,0.02684
2023,1,2,8,subway,Manhattan,metrocard,188,27,13802.0,347.0,0.025141
2023,1,2,8,subway,Manhattan,omny,40,26,9714.0,232.0,0.023883
2023,1,2,8,subway,Queens,metrocard,42,6,2971.0,182.0,0.061259
2023,1,2,8,subway,Queens,omny,8,6,2263.0,141.0,0.062307
2023,1,2,8,tram,Manhattan,metrocard,14,2,395.0,13.0,0.032911
2023,1,2,9,staten_island_railway,Staten Island,metrocard,12,2,176.0,15.0,0.085227
2023,1,2,9,staten_island_railway,Staten Island,omny,2,2,68.0,3.0,0.044118
2023,1,2,9,tram,Manhattan,metrocard,13,2,305.0,11.0,0.036066
2023,1,2,10,tram,Manhattan,metrocard,3,1,58.0,9.0,0.155172
2023,2,5,12,staten_island_railway,Staten Island,metrocard,12,2,141.0,31.0,0.219858
2023,2,5,12,staten_island_railway,Staten Island,omny,3,2,48.0,18.0,0.375
2023,2,5,12,subway,Brooklyn,metrocard,139,20,1689.0,65.0,0.038484
2023,2,5,12,subway,Brooklyn,omny,24,20,1917.0,47.0,0.024517
2023,2,5,12,subway,Manhattan,metrocard,188,28,5246.0,117.0,0.022303
2023,2,5,12,subway,Manhattan,omny,41,27,4646.0,84.0,0.01808
2023,2,5,12,subway,Queens,metrocard,42,6,517.0,26.0,0.05029
2023,2,5,12,subway,Queens,omny,6,6,476.0,20.0,0.042017
2023,2,5,12,tram,Manhattan,metrocard,14,2,380.0,26.0,0.068421
2023,2,5,13,staten_island_railway,Staten Island,metrocard,12,2,142.0,21.0,0.147887
2023,2,5,13,staten_island_railway,Staten Island,omny,2,2,42.0,13.0,0.309524
2023,2,5,13,tram,Manhattan,metrocard,13,2,363.0,29.0,0.07989
2023,2,5,14,staten_island_railway,Staten Island,metrocard,1,1,6.0,1.0,0.166667
2023,2,5,14,tram,Manhattan,metrocard,3,1,91.0,17.0,0.186813
2023,3,8,17,staten_island_railway,Staten Island,metrocard,12,2,635.0,271.0,0.426772
2023,3,8,17,staten_island_railway,Staten Island,omny,3,2,339.0,134.0,0.39528
2023,3,8,17,subway,Brooklyn,metrocard,135,20,2725.0,101.0,0.037064
2023,3,8,17,subway,Brooklyn,omny,25,20,3646.0,112.0,0.030719
2023,3,8,17,subway,Manhattan,metrocard,186,27,11519.0,296.0,0.025697
2023,3,8,17,subway,Manhattan,omny,44,26,10857.0,320.0,0.029474
2023,3,8,17,subway,Queens,metrocard,40,6,590.0,40.0,0.067797
2023,3,8,17,subway,Queens,omny,10,6,660.0,37.0,0.056061
2023,3,8,17,tram,Manhattan,metrocard,14,2,756.0,59.0,0.078042
2023,3,8,18,staten_island_railway,Staten Island,metrocard,12,2,385.0,171.0,0.444156
2023,3,8,18,staten_island_railway,Staten Island,omny,3,2,178.0,74.0,0.41573
2023,3,8,18,tram,Manhattan,metrocard,12,2,642.0,37.0,0.057632
2023,3,8,19,tram,Manhattan,metrocard,4,1,178.0,23.0,0.129213
2023,4,11,0,staten_island_railway,Staten Island,metrocard,8,2,30.0,6.0,0.2
2023,4,11,0,staten_island_railway,Staten Island,omny,1,1,6.0,3.0,0.5
2023,4,11,0,tram,Manhattan,metrocard,5,1,21.0,5.0,0.238095
2023,4,11,1,staten_island_railway,Staten Island,metrocard,1,1,8.0,5.0,0.625
2023,4,11,22,staten_island_railway,Staten Island,metrocard,9,2,64.0,15.0,0.234375
2023,4,11,22,staten_island_railway,Staten Island,omny,2,2,37.0,16.0,0.432432
2023,4,11,22,subway,Brooklyn,metrocard,147,28,1233.0,24.0,0.019465
2023,4,11,22,subway,Brooklyn,omny,30,28,2173.0,31.0,0.014266
2023,4,11,22,subway,Manhattan,metrocard,185,32,4272.0,28.0,0.006554
2023,4,11,22,subway,Manhattan,omny,43,32,8052.0,43.0,0.00534
2023,4,11,22,subway,Queens,metrocard,29,6,185.0,2.0,0.010811
2023,4,11,22,subway,Queens,omny,6,6,163.0,4.0,0.02454
2023,4,11,22,tram,Manhattan,metrocard,11,2,88.0,17.0,0.193182
2023,4,11,22,tram,Manhattan,omny,2,2,79.0,25.0,0.316456
2023,4,11,23,staten_island_railway,Staten Island,metrocard,7,2,40.0,15.0,0.375
2023,4,11,23,staten_island_railway,Staten Island,omny,2,2,24.0,15.0,0.625
2023,4,11,23,tram,Manhattan,metrocard,10,2,40.0,6.0,0.15
2023,4,11,23,tram,Manhattan,omny,2,2,69.0,19.0,0.275362
2024,1,2,8,staten_island_railway,Staten Island,metrocard,13,2,535.0,28.0,0.052336
2024,1,2,8,staten_island_railway,Staten Island,omny,3,2,329.0,17.0,0.051672
2024,1,2,8,subway,Brooklyn,metrocard,140,20,5195.0,202.0,0.038884
2024,1,2,8,subway,Brooklyn,omny,25,20,8834.0,204.0,0.023093
2024,1,2,8,subway,Manhattan,metrocard,178,26,8835.0,223.0,0.025241
2024,1,2,8,subway,Manhattan,omny,46,25,11512.0,378.0,0.032835
2024,1,2,8,subway,Queens,metrocard,42,6,1758.0,160.0,0.091013
2024,1,2,8,subway,Queens,omny,9,6,1901.0,143.0,0.075224
2024,1,2,8,tram,Manhattan,metrocard,14,2,353.0,23.0,0.065156
2024,1,2,8,tram,Manhattan,omny,3,2,317.0,49.0,0.154574
2024,1,2,9,staten_island_railway,Staten Island,metrocard,12,2,185.0,17.0,0.091892
2024,1,2,9,staten_island_railway,Staten Island,omny,2,1,59.0,5.0,0.084746
2024,1,2,9,tram,Manhattan,metrocard,11,2,243.0,29.0,0.119342
2024,1,2,9,tram,Manhattan,omny,2,1,88.0,55.0,0.625
2024,2,5,12,staten_island_railway,Staten Island,metrocard,11,2,134.0,34.0,0.253731
2024,2,5,12,staten_island_railway,Staten Island,omny,2,2,59.0,19.0,0.322034
2024,2,5,12,subway,Brooklyn,metrocard,137,20,1448.0,35.0,0.024171
2024,2,5,12,subway,Brooklyn,omny,27,20,2283.0,45.0,0.019711
2024,2,5,12,subway,Manhattan,metrocard,179,26,4209.0,107.0,0.025422
2024,2,5,12,subway,Manhattan,omny,46,25,5033.0,122.0,0.02424
2024,2,5,12,subway,Queens,metrocard,42,6,457.0,25.0,0.054705
2024,2,5,12,subway,Queens,omny,9,6,614.0,37.0,0.060261
2024,2,5,12,tram,Manhattan,metrocard,13,2,175.0,8.0,0.045714
2024,2,5,12,tram,Manhattan,omny,3,2,208.0,76.0,0.365385
2024,2,5,13,staten_island_railway,Staten Island,metrocard,12,2,151.0,23.0,0.152318
2024,2,5,13,staten_island_railway,Staten Island,omny,3,2,54.0,12.0,0.222222
2024,2,5,13,tram,Manhattan,metrocard,13,2,177.0,14.0,0.079096
2024,2,5,13,tram,Manhattan,omny,1,1,86.0,45.0,0.523256
2024,2,5,14,staten_island_railway,Staten Island,metrocard,2,1,81.0,34.0,0.419753
2024,3,8,17,staten_island_railway,Staten Island,metrocard,13,2,459.0,176.0,0.383442
2024,3,8,17,staten_island_railway,Staten Island,omny,3,2,368.0,165.0,0.44837
2024,3,8,17,subway,Brooklyn,metrocard,137,20,2294.0,86.0,0.037489
2024,3,8,17,subway,Brooklyn,omny,29,20,4602.0,134.0,0.029118
2024,3,8,17,subway,Manhattan,metrocard,181,26,7836.0,226.0,0.028841
2024,3,8,17,subway,Manhattan,omny,46,25,12466.0,402.0,0.032248
2024,3,8,17,subway,Queens,metrocard,38,6,498.0,28.0,0.056225
2024,3,8,17,subway,Queens,omny,9,6,828.0,49.0,0.059179
2024,3,8,17,tram,Manhattan,metrocard,14,2,406.0,53.0,0.130542
2024,3,8,17,tram,Manhattan,omny,3,2,439.0,148.0,0.33713
2024,3,8,18,staten_island_railway,Staten Island,metrocard,11,2,347.0,151.0,0.435159
2024,3,8,18,staten_island_railway,Staten Island,omny,3,2,281.0,149.0,0.530249
2024,3,8,18,tram,Manhattan,metrocard,12,2,274.0,36.0,0.131387
2024,3,8,18,tram,Manhattan,omny,1,1,307.0,118.0,0.384365
2024,4,11,0,staten_island_railway,Staten Island,metrocard,5,1,30.0,8.0,0.266667
2024,4,11,0,staten_island_railway,Staten Island,omny,2,1,17.0,9.0,0.529412
2024,4,11,0,tram,Manhattan,metrocard,1,1,1.0,0.0,0.0
2024,4,11,22,staten_island_railway,Staten Island,metrocard,6,2,41.0,16.0,0.390244
2024,4,11,22,staten_island_railway,Staten Island,omny,4,2,52.0,23.0,0.442308
2024,4,11,22,subway,Brooklyn,metrocard,105,20,707.0,10.0,0.014144
2024,4,11,22,subway,Brooklyn,omny,48,20,2922.0,27.0,0.00924
2024,4,11,22,subway,Manhattan,metrocard,162,28,2772.0,16.0,0.005772
2024,4,11,22,subway,Manhattan,omny,80,28,9244.0,98.0,0.010601
2024,4,11,22,subway,Queens,metrocard,31,6,137.0,3.0,0.021898
2024,4,11,22,subway,Queens,omny,14,6,311.0,6.0,0.019293
2024,4,11,22,tram,Manhattan,metrocard,10,2,40.0,7.0,0.175
2024,4,11,22,tram,Manhattan,omny,5,2,141.0,41.0,0.29078
2024,4,11,23,staten_island_railway,Staten Island,metrocard,9,2,51.0,15.0,0.294118
2024,4,11,23,staten_island_railway,Staten Island,omny,4,2,52.0,28.0,0.538462
2024,4,11,23,tram,Manhattan,metrocard,11,2,33.0,2.0,0.060606
2024,4,11,23,tram,Manhattan,omny,3,2,64.0,16.0,0.25
